0,1,2,3,4,5,6,7
1,4.566,0.581,4.609,0.565,2023-06-23 19:21:06,236BF233,
2,4.549,0.582,4.585,0.557,2023-06-23 19:21:06,236BF233,
4,4.552,0.577,4.630,0.577,2023-06-23 19:21:06,236BF233,
5,4.592,0.574,4.623,0.585,2023-06-23 19:21:07,236BF233,
6,4.576,0.576,4.658,0.599,2023-06-23 19:21:07,236BF233,
7,4.590,0.575,4.638,0.594,2023-06-23 19:21:07,236BF233,
8,4.573,0.570,4.622,0.583,2023-06-23 19:21:07,236BF233,
9,4.584,0.560,4.611,0.591,2023-06-23 19:21:07,236BF233,
10,4.579,0.570,4.638,0.596,2023-06-23 19:21:07,236BF233,
11,4.600,0.561,4.618,0.576,2023-06-23 19:21:07,236BF233,
12,4.598,0.582,4.611,0.615,2023-06-23 19:21:07,236BF233,
13,4.613,0.576,4.644,0.572,2023-06-23 19:21:07,43FF9122,
14,4.607,0.578,4.670,0.585,2023-06-23 19:21:07,43FF9122,
15,4.628,0.573,4.645,0.572,2023-06-23 19:21:07,43FF9122,
16,4.632,0.584,4.659,0.601,2023-06-23 19:21:07,43FF9122,
17,4.646,0.587,4.654,0.603,2023-06-23 19:21:07,43FF9122,
18,4.636,0.596,4.664,0.615,2023-06-23 19:21:07,43FF9123,
19,4.639,0.596,4.656,0.601,2023-06-23 19:21:07,43FF9123,
20,4.627,0.579,4.667,0.611,2023-06-23 19:21:07,43FF9123,
21,4.645,0.580,4.651,0.597,2023-06-23 19:21:08,,
22,4.626,0.583,4.665,0.616,2023-06-23 19:21:08,,
23,4.637,0.586,4.642,0.599,2023-06-23 19:21:08,,
24,4.635,0.587,4.656,0.616,2023-06-23 19:21:08,,
25,4.649,0.575,4.640,0.600,2023-06-23 19:21:08,,
26,4.642,0.579,4.652,0.610,2023-06-23 19:21:08,,
27,4.657,0.580,4.658,0.602,2023-06-23 19:21:08,,
28,4.634,0.579,4.650,0.614,2023-06-23 19:21:08,,
29,4.627,0.569,4.635,0.606,2023-06-23 19:21:08,,
30,4.598,0.575,4.634,0.601,2023-06-23 19:21:08,,
31,4.598,0.555,4.611,0.596,2023-06-23 19:21:08,,
32,4.590,0.569,4.628,0.602,2023-06-23 19:21:08,,
33,4.587,0.560,4.620,0.589,2023-06-23 19:21:08,,
34,4.591,0.574,4.627,0.601,2023-06-23 19:21:08,,
35,4.586,0.565,4.615,0.578,2023-06-23 19:21:08,,
36,4.583,0.576,4.634,0.590,2023-06-23 19:21:08,,
37,4.599,0.566,4.629,0.576,2023-06-23 19:21:09,,
38,4.587,0.567,4.647,0.584,2023-06-23 19:21:09,,
39,4.580,0.575,4.575,0.561,2023-06-23 19:21:34,,
40,4.559,0.564,4.563,0.600,2023-06-23 19:21:34,,
41,4.600,0.574,4.561,0.558,2023-06-23 19:21:34,,
42,4.599,0.579,4.600,0.568,2023-06-23 19:21:34,,
43,4.613,0.566,4.604,0.559,2023-06-23 19:21:35,,
44,4.613,0.582,4.618,0.583,2023-06-23 19:21:35,,
45,4.624,0.580,4.607,0.552,2023-06-23 19:21:35,,
46,4.618,0.571,4.637,0.580,2023-06-23 19:21:35,,
47,4.637,0.568,4.629,0.566,2023-06-23 19:21:35,,
48,4.638,0.588,4.647,0.586,2023-06-23 19:21:35,,
49,4.648,0.595,4.630,0.570,2023-06-23 19:21:35,,
50,4.629,0.590,4.648,0.587,2023-06-23 19:21:35,,
51,4.637,0.579,4.631,0.572,2023-06-23 19:21:35,,
52,4.619,0.586,4.641,0.597,2023-06-23 19:21:35,,
53,4.643,0.586,4.639,0.589,2023-06-23 19:21:35,,
54,4.621,0.597,4.649,0.603,2023-06-23 19:21:35,,
55,4.630,0.590,4.639,0.578,2023-06-23 19:21:35,,
56,4.615,0.590,4.647,0.598,2023-06-23 19:21:35,,
57,4.645,0.584,4.650,0.580,2023-06-23 19:21:35,,
58,4.628,0.588,4.656,0.591,2023-06-23 19:21:35,,
59,4.640,0.585,4.635,0.577,2023-06-23 19:21:36,,
60,4.618,0.573,4.642,0.597,2023-06-23 19:21:36,,
61,4.639,0.599,4.634,0.576,2023-06-23 19:21:36,,
62,4.603,0.565,4.654,0.605,2023-06-23 19:21:36,,
63,4.622,0.566,4.621,0.575,2023-06-23 19:21:36,,
64,4.612,0.569,4.637,0.592,2023-06-23 19:21:36,,
65,4.630,0.564,4.634,0.570,2023-06-23 19:21:36,,
66,4.624,0.573,4.627,0.588,2023-06-23 19:21:36,,
67,4.619,0.558,4.598,0.577,2023-06-23 19:21:36,,
68,4.616,0.571,4.607,0.579,2023-06-23 19:21:36,,
69,4.609,0.565,4.587,0.573,2023-06-23 19:21:36,,
70,4.594,0.566,4.606,0.579,2023-06-23 19:21:36,,
71,4.621,0.573,4.616,0.574,2023-06-23 19:21:36,,
72,4.590,0.566,4.613,0.579,2023-06-23 19:21:36,,
73,4.590,0.563,4.574,0.563,2023-06-23 19:21:36,,
74,4.584,0.572,4.580,0.563,2023-06-23 19:21:36,,
75,4.609,0.596,4.582,0.555,2023-06-23 19:21:37,,
76,4.583,0.586,4.590,0.572,2023-06-23 19:21:37,,
77,4.596,0.562,4.625,0.528,2023-06-23 19:21:38,,
78,4.565,0.569,4.633,0.552,2023-06-23 19:21:38,,
79,4.597,0.573,4.635,0.565,2023-06-23 19:21:38,,
80,4.582,0.565,4.628,0.589,2023-06-23 19:21:38,,
81,4.612,0.574,4.600,0.579,2023-06-23 19:21:38,,
82,4.610,0.586,4.623,0.577,2023-06-23 19:21:39,,
83,4.635,0.573,4.633,0.562,2023-06-23 19:21:39,,
84,4.624,0.572,4.642,0.576,2023-06-23 19:21:39,,
85,4.638,0.579,4.636,0.563,2023-06-23 19:21:39,,
86,4.639,0.586,4.659,0.580,2023-06-23 19:21:39,,
87,4.646,0.580,4.646,0.563,2023-06-23 19:21:39,,
88,4.648,0.580,4.663,0.582,2023-06-23 19:21:39,,
89,4.674,0.589,4.662,0.575,2023-06-23 19:21:39,,
90,4.639,0.598,4.661,0.583,2023-06-23 19:21:39,,
91,4.661,0.584,4.650,0.565,2023-06-23 19:21:39,,
92,4.655,0.590,4.669,0.586,2023-06-23 19:21:39,,
93,4.680,0.576,4.664,0.574,2023-06-23 19:21:39,,
94,4.655,0.585,4.674,0.609,2023-06-23 19:21:39,,
95,4.681,0.586,4.667,0.580,2023-06-23 19:21:39,,
96,4.654,0.578,4.669,0.583,2023-06-23 19:21:39,,
97,4.652,0.566,4.657,0.570,2023-06-23 19:21:40,,
98,4.631,0.577,4.667,0.584,2023-06-23 19:21:40,,
99,4.638,0.564,4.662,0.574,2023-06-23 19:21:40,,
100,4.618,0.566,4.672,0.594,2023-06-23 19:21:40,,
101,4.635,0.572,4.654,0.560,2023-06-23 19:21:40,,
102,4.606,0.555,4.672,0.578,2023-06-23 19:21:40,,
103,4.618,0.556,4.669,0.575,2023-06-23 19:21:40,,
104,4.616,0.577,4.659,0.583,2023-06-23 19:21:40,,
105,4.616,0.573,4.638,0.576,2023-06-23 19:21:40,,
106,4.612,0.567,4.658,0.585,2023-06-23 19:21:40,,
107,4.630,0.574,4.646,0.570,2023-06-23 19:21:40,,
108,4.609,0.569,4.641,0.583,2023-06-23 19:21:40,,
109,4.624,0.577,4.613,0.569,2023-06-23 19:21:40,,
110,4.609,0.572,4.620,0.585,2023-06-23 19:21:40,,
111,4.620,0.564,4.601,0.570,2023-06-23 19:21:40,,
112,4.605,0.570,4.616,0.587,2023-06-23 19:21:40,,
113,4.616,0.565,4.598,0.570,2023-06-23 19:21:41,,
114,4.607,0.577,4.590,0.570,2023-06-23 19:21:41,,
115,4.558,0.569,4.602,0.548,2023-06-23 19:21:42,,
116,4.546,0.577,4.602,0.563,2023-06-23 19:21:42,,
117,4.564,0.589,4.604,0.574,2023-06-23 19:21:42,,
118,4.548,0.580,4.591,0.595,2023-06-23 19:21:42,,
119,4.576,0.571,4.570,0.581,2023-06-23 19:21:42,,
120,4.570,0.568,4.605,0.569,2023-06-23 19:21:43,,
121,4.592,0.567,4.600,0.560,2023-06-23 19:21:43,,
122,4.583,0.572,4.598,0.570,2023-06-23 19:21:43,,
123,4.616,0.568,4.605,0.565,2023-06-23 19:21:43,,
124,4.600,0.565,4.608,0.558,2023-06-23 19:21:43,,
125,4.628,0.556,4.602,0.548,2023-06-23 19:21:43,,
126,4.633,0.571,4.630,0.566,2023-06-23 19:21:43,,
127,4.645,0.571,4.617,0.553,2023-06-23 19:21:43,,
128,4.633,0.583,4.632,0.571,2023-06-23 19:21:43,,
129,4.654,0.583,4.624,0.558,2023-06-23 19:21:43,,
130,4.642,0.563,4.638,0.560,2023-06-23 19:21:43,,
131,4.664,0.583,4.631,0.559,2023-06-23 19:21:43,,
132,4.648,0.586,4.649,0.595,2023-06-23 19:21:43,,
133,4.659,0.587,4.647,0.566,2023-06-23 19:21:43,,
134,4.650,0.592,4.659,0.581,2023-06-23 19:21:43,,
135,4.649,0.579,4.651,0.572,2023-06-23 19:21:43,,
136,4.629,0.582,4.661,0.591,2023-06-23 19:21:44,,
137,4.639,0.580,4.645,0.572,2023-06-23 19:21:44,,
138,4.625,0.577,4.650,0.578,2023-06-23 19:21:44,,
139,4.643,0.577,4.642,0.566,2023-06-23 19:21:44,,
140,4.618,0.571,4.651,0.573,2023-06-23 19:21:44,,
141,4.633,0.572,4.632,0.585,2023-06-23 19:21:44,,
142,4.619,0.574,4.632,0.582,2023-06-23 19:21:44,,
143,4.631,0.574,4.618,0.573,2023-06-23 19:21:44,,
144,4.611,0.573,4.618,0.593,2023-06-23 19:21:44,,
145,4.622,0.565,4.603,0.563,2023-06-23 19:21:44,,
146,4.624,0.584,4.618,0.579,2023-06-23 19:21:44,,
147,4.632,0.570,4.604,0.559,2023-06-23 19:21:44,,
148,4.608,0.570,4.610,0.571,2023-06-23 19:21:44,,
149,4.621,0.558,4.616,0.567,2023-06-23 19:21:44,,
150,4.599,0.562,4.625,0.574,2023-06-23 19:21:44,,
151,4.622,0.564,4.620,0.556,2023-06-23 19:21:44,,
152,4.606,0.565,4.611,0.561,2023-06-23 19:21:45,,
153,4.598,0.567,4.647,0.535,2023-06-23 19:21:46,,
154,4.563,0.567,4.650,0.561,2023-06-23 19:21:46,,
155,4.604,0.577,4.652,0.545,2023-06-23 19:21:46,,
156,4.600,0.568,4.672,0.565,2023-06-23 19:21:46,,
157,4.612,0.562,4.660,0.560,2023-06-23 19:21:46,,
158,4.624,0.596,4.679,0.552,2023-06-23 19:21:46,,
159,4.638,0.572,4.659,0.540,2023-06-23 19:21:46,,
160,4.646,0.576,4.677,0.569,2023-06-23 19:21:47,,
161,4.663,0.580,4.676,0.559,2023-06-23 19:21:47,,
162,4.640,0.582,4.690,0.571,2023-06-23 19:21:47,,
163,4.654,0.565,4.678,0.549,2023-06-23 19:21:47,,
164,4.641,0.577,4.678,0.581,2023-06-23 19:21:47,,
165,4.675,0.578,4.675,0.555,2023-06-23 19:21:47,,
166,4.668,0.590,4.710,0.580,2023-06-23 19:21:47,,
167,4.684,0.592,4.676,0.556,2023-06-23 19:21:47,,
168,4.667,0.575,4.689,0.571,2023-06-23 19:21:47,,
169,4.669,0.587,4.665,0.563,2023-06-23 19:21:47,,
170,4.663,0.583,4.695,0.590,2023-06-23 19:21:47,,
171,4.675,0.578,4.680,0.566,2023-06-23 19:21:47,,
172,4.659,0.588,4.685,0.591,2023-06-23 19:21:47,,
173,4.672,0.581,4.670,0.568,2023-06-23 19:21:47,,
174,4.659,0.584,4.677,0.582,2023-06-23 19:21:47,,
175,4.655,0.567,4.675,0.566,2023-06-23 19:21:48,,
176,4.642,0.578,4.688,0.583,2023-06-23 19:21:48,,
177,4.659,0.567,4.672,0.556,2023-06-23 19:21:48,,
178,4.639,0.572,4.698,0.581,2023-06-23 19:21:48,,
179,4.647,0.556,4.680,0.572,2023-06-23 19:21:48,,
180,4.629,0.567,4.680,0.588,2023-06-23 19:21:48,,
181,4.631,0.561,4.662,0.565,2023-06-23 19:21:48,,
182,4.631,0.567,4.666,0.587,2023-06-23 19:21:48,,
183,4.628,0.569,4.635,0.556,2023-06-23 19:21:48,,
184,4.623,0.575,4.646,0.577,2023-06-23 19:21:48,,
185,4.624,0.571,4.619,0.558,2023-06-23 19:21:48,,
186,4.617,0.569,4.634,0.571,2023-06-23 19:21:48,,
187,4.615,0.568,4.624,0.554,2023-06-23 19:21:48,,
188,4.608,0.578,4.637,0.574,2023-06-23 19:21:48,,
189,4.614,0.570,4.617,0.557,2023-06-23 19:21:48,,
190,4.598,0.569,4.612,0.574,2023-06-23 19:21:48,,
191,4.554,0.575,4.579,0.547,2023-06-23 19:21:50,,
192,4.546,0.571,4.584,0.573,2023-06-23 19:21:50,,
193,4.565,0.577,4.573,0.558,2023-06-23 19:21:50,,
194,4.562,0.576,4.602,0.587,2023-06-23 19:21:50,,
195,4.604,0.580,4.587,0.574,2023-06-23 19:21:50,,
196,4.603,0.581,4.617,0.565,2023-06-23 19:21:50,,
197,4.627,0.569,4.606,0.557,2023-06-23 19:21:50,,
198,4.620,0.575,4.624,0.573,2023-06-23 19:21:50,,
199,4.638,0.576,4.627,0.557,2023-06-23 19:21:51,,
200,4.636,0.589,4.643,0.565,2023-06-23 19:21:51,,
201,4.670,0.574,4.650,0.554,2023-06-23 19:21:51,,
202,4.646,0.576,4.660,0.578,2023-06-23 19:21:51,,
203,4.678,0.586,4.661,0.561,2023-06-23 19:21:51,,
204,4.641,0.585,4.655,0.569,2023-06-23 19:21:51,,
205,4.665,0.566,4.649,0.554,2023-06-23 19:21:51,,
206,4.660,0.577,4.667,0.565,2023-06-23 19:21:51,,
207,4.669,0.570,4.659,0.560,2023-06-23 19:21:51,,
208,4.661,0.573,4.678,0.579,2023-06-23 19:21:51,,
209,4.669,0.578,4.667,0.561,2023-06-23 19:21:51,,
210,4.637,0.579,4.663,0.573,2023-06-23 19:21:51,,
211,4.670,0.587,4.646,0.557,2023-06-23 19:21:51,,
212,4.626,0.577,4.662,0.579,2023-06-23 19:21:51,,
213,4.642,0.574,4.656,0.566,2023-06-23 19:21:51,,
214,4.623,0.569,4.667,0.583,2023-06-23 19:21:52,,
215,4.635,0.571,4.654,0.580,2023-06-23 19:21:52,,
216,4.622,0.575,4.665,0.580,2023-06-23 19:21:52,,
217,4.635,0.565,4.660,0.587,2023-06-23 19:21:52,,
218,4.622,0.566,4.656,0.587,2023-06-23 19:21:52,,
219,4.644,0.573,4.638,0.570,2023-06-23 19:21:52,,
220,4.618,0.570,4.634,0.583,2023-06-23 19:21:52,,
221,4.630,0.568,4.613,0.571,2023-06-23 19:21:52,,
222,4.609,0.567,4.600,0.582,2023-06-23 19:21:52,,
223,4.624,0.578,4.571,0.562,2023-06-23 19:21:52,,
224,4.596,0.576,4.581,0.576,2023-06-23 19:21:52,,
225,4.618,0.573,4.562,0.559,2023-06-23 19:21:52,,
226,4.604,0.574,4.587,0.578,2023-06-23 19:21:52,,
227,4.629,0.570,4.571,0.564,2023-06-23 19:21:52,,
228,4.607,0.560,4.563,0.565,2023-06-23 19:21:52,,
229,4.562,0.582,4.555,0.525,2023-06-23 19:21:54,,
230,4.539,0.581,4.562,0.561,2023-06-23 19:21:54,,
231,4.571,0.569,4.567,0.547,2023-06-23 19:21:54,,
232,4.577,0.566,4.601,0.581,2023-06-23 19:21:54,,
233,4.603,0.559,4.602,0.565,2023-06-23 19:21:54,,
234,4.618,0.575,4.623,0.554,2023-06-23 19:21:54,,
235,4.653,0.576,4.634,0.545,2023-06-23 19:21:54,,
236,4.634,0.572,4.640,0.559,2023-06-23 19:21:54,,
237,4.673,0.567,4.655,0.551,2023-06-23 19:21:54,,
238,4.658,0.569,4.679,0.569,2023-06-23 19:21:54,,
239,4.678,0.568,4.654,0.536,2023-06-23 19:21:55,,
240,4.673,0.577,4.682,0.561,2023-06-23 19:21:55,,
241,4.703,0.576,4.673,0.547,2023-06-23 19:21:55,,
242,4.663,0.575,4.678,0.575,2023-06-23 19:21:55,,
243,4.714,0.592,4.689,0.552,2023-06-23 19:21:55,,
244,4.678,0.578,4.691,0.575,2023-06-23 19:21:55,,
245,4.704,0.571,4.689,0.553,2023-06-23 19:21:55,,
246,4.684,0.576,4.700,0.587,2023-06-23 19:21:55,,
247,4.701,0.586,4.692,0.558,2023-06-23 19:21:55,,
248,4.684,0.588,4.703,0.579,2023-06-23 19:21:55,,
249,4.684,0.582,4.682,0.564,2023-06-23 19:21:55,,
250,4.676,0.585,4.702,0.577,2023-06-23 19:21:55,,
251,4.680,0.580,4.697,0.572,2023-06-23 19:21:55,,
252,4.657,0.577,4.691,0.580,2023-06-23 19:21:55,,
253,4.671,0.575,4.679,0.564,2023-06-23 19:21:55,,
254,4.653,0.576,4.695,0.580,2023-06-23 19:21:56,,
255,4.674,0.569,4.696,0.565,2023-06-23 19:21:56,,
256,4.645,0.567,4.675,0.572,2023-06-23 19:21:56,,
257,4.645,0.557,4.662,0.577,2023-06-23 19:21:56,,
258,4.629,0.556,4.657,0.584,2023-06-23 19:21:56,,
259,4.639,0.557,4.634,0.561,2023-06-23 19:21:56,,
260,4.627,0.564,4.635,0.571,2023-06-23 19:21:56,,
261,4.640,0.569,4.606,0.554,2023-06-23 19:21:56,,
262,4.602,0.560,4.598,0.563,2023-06-23 19:21:56,,
263,4.620,0.569,4.581,0.548,2023-06-23 19:21:56,,
264,4.601,0.569,4.585,0.557,2023-06-23 19:21:56,,
265,4.616,0.568,4.574,0.560,2023-06-23 19:21:56,,
266,4.606,0.571,4.573,0.567,2023-06-23 19:21:56,,
267,4.550,0.545,4.616,0.534,2023-06-23 19:21:58,,
268,4.554,0.569,4.614,0.533,2023-06-23 19:21:58,,
269,4.590,0.573,4.619,0.541,2023-06-23 19:21:58,,
270,4.601,0.573,4.640,0.546,2023-06-23 19:21:58,,
271,4.639,0.570,4.654,0.554,2023-06-23 19:21:58,,
272,4.651,0.576,4.664,0.557,2023-06-23 19:21:58,,
273,4.681,0.566,4.666,0.541,2023-06-23 19:21:58,,
274,4.685,0.577,4.686,0.548,2023-06-23 19:21:58,,
275,4.693,0.568,4.673,0.539,2023-06-23 19:21:58,,
276,4.691,0.601,4.677,0.551,2023-06-23 19:21:58,,
277,4.701,0.579,4.693,0.543,2023-06-23 19:21:58,,
278,4.673,0.588,4.686,0.541,2023-06-23 19:21:59,,
279,4.699,0.571,4.696,0.541,2023-06-23 19:21:59,,
280,4.682,0.594,4.699,0.560,2023-06-23 19:21:59,,
281,4.693,0.573,4.686,0.553,2023-06-23 19:21:59,,
282,4.684,0.581,4.703,0.562,2023-06-23 19:21:59,,
283,4.695,0.584,4.696,0.558,2023-06-23 19:21:59,,
284,4.690,0.589,4.693,0.572,2023-06-23 19:21:59,,
285,4.670,0.581,4.702,0.570,2023-06-23 19:21:59,,
286,4.659,0.591,4.694,0.584,2023-06-23 19:21:59,,
287,4.607,0.577,4.667,0.580,2023-06-23 19:21:59,,
288,4.649,0.579,4.676,0.556,2023-06-23 19:21:59,,
289,4.627,0.566,4.647,0.555,2023-06-23 19:21:59,,
290,4.612,0.581,4.665,0.582,2023-06-23 19:21:59,,
291,4.627,0.575,4.649,0.545,2023-06-23 19:21:59,,
292,4.605,0.570,4.670,0.575,2023-06-23 19:21:59,,
293,4.633,0.569,4.664,0.555,2023-06-23 19:21:59,,
294,4.617,0.556,4.682,0.587,2023-06-23 19:22:00,,
295,4.633,0.562,4.643,0.564,2023-06-23 19:22:00,,
296,4.626,0.568,4.655,0.570,2023-06-23 19:22:00,,
297,4.636,0.565,4.639,0.572,2023-06-23 19:22:00,,
298,4.622,0.578,4.616,0.580,2023-06-23 19:22:00,,
299,4.628,0.571,4.583,0.560,2023-06-23 19:22:00,,
300,4.607,0.581,4.581,0.584,2023-06-23 19:22:00,,
301,4.610,0.562,4.549,0.556,2023-06-23 19:22:00,,
302,4.590,0.569,4.573,0.596,2023-06-23 19:22:00,,
303,4.600,0.572,4.561,0.560,2023-06-23 19:22:00,,
304,4.586,0.561,4.569,0.573,2023-06-23 19:22:00,,
305,4.576,0.580,4.576,0.549,2023-06-23 19:22:02,,
306,4.535,0.578,4.582,0.556,2023-06-23 19:22:02,,
307,4.575,0.570,4.557,0.542,2023-06-23 19:22:02,,
308,4.570,0.582,4.574,0.580,2023-06-23 19:22:02,,
309,4.595,0.568,4.583,0.558,2023-06-23 19:22:02,,
310,4.591,0.580,4.605,0.588,2023-06-23 19:22:02,,
311,4.619,0.566,4.596,0.562,2023-06-23 19:22:02,,
312,4.611,0.577,4.622,0.561,2023-06-23 19:22:02,,
313,4.641,0.567,4.613,0.547,2023-06-23 19:22:02,,
314,4.619,0.580,4.616,0.571,2023-06-23 19:22:02,,
315,4.634,0.566,4.599,0.537,2023-06-23 19:22:02,,
316,4.619,0.576,4.631,0.564,2023-06-23 19:22:02,,
317,4.632,0.556,4.617,0.537,2023-06-23 19:22:03,,
318,4.635,0.581,4.638,0.559,2023-06-23 19:22:03,,
319,4.652,0.572,4.642,0.557,2023-06-23 19:22:03,,
320,4.634,0.570,4.656,0.569,2023-06-23 19:22:03,,
321,4.644,0.572,4.639,0.552,2023-06-23 19:22:03,,
322,4.638,0.573,4.659,0.579,2023-06-23 19:22:03,,
323,4.662,0.583,4.640,0.549,2023-06-23 19:22:03,,
324,4.635,0.578,4.649,0.580,2023-06-23 19:22:03,,
325,4.639,0.572,4.637,0.556,2023-06-23 19:22:03,,
326,4.637,0.585,4.645,0.573,2023-06-23 19:22:03,,
327,4.643,0.577,4.627,0.561,2023-06-23 19:22:03,,
328,4.627,0.582,4.648,0.574,2023-06-23 19:22:03,,
329,4.641,0.568,4.636,0.563,2023-06-23 19:22:04,,
330,4.615,0.568,4.625,0.593,2023-06-23 19:22:04,,
331,4.630,0.574,4.615,0.568,2023-06-23 19:22:04,,
332,4.616,0.571,4.614,0.580,2023-06-23 19:22:04,,
333,4.638,0.568,4.613,0.568,2023-06-23 19:22:04,,
334,4.614,0.558,4.610,0.575,2023-06-23 19:22:04,,
335,4.623,0.569,4.577,0.547,2023-06-23 19:22:04,,
336,4.617,0.567,4.607,0.553,2023-06-23 19:22:04,,
337,4.624,0.552,4.602,0.549,2023-06-23 19:22:04,,
338,4.602,0.561,4.617,0.563,2023-06-23 19:22:04,,
339,4.611,0.573,4.656,0.525,2023-06-23 19:22:06,,
340,4.579,0.562,4.658,0.533,2023-06-23 19:22:06,,
341,4.620,0.567,4.643,0.520,2023-06-23 19:22:06,,
342,4.598,0.566,4.651,0.541,2023-06-23 19:22:06,,
343,4.638,0.567,4.657,0.533,2023-06-23 19:22:06,,
344,4.621,0.569,4.668,0.552,2023-06-23 19:22:06,,
345,4.655,0.576,4.669,0.531,2023-06-23 19:22:06,,
346,4.632,0.578,4.687,0.545,2023-06-23 19:22:06,,
347,4.651,0.568,4.665,0.523,2023-06-23 19:22:06,,
348,4.629,0.571,4.690,0.561,2023-06-23 19:22:06,,
349,4.653,0.572,4.673,0.529,2023-06-23 19:22:06,,
350,4.642,0.583,4.696,0.554,2023-06-23 19:22:06,,
351,4.691,0.585,4.690,0.535,2023-06-23 19:22:06,,
352,4.664,0.585,4.700,0.554,2023-06-23 19:22:07,,
353,4.692,0.584,4.683,0.543,2023-06-23 19:22:07,,
354,4.668,0.589,4.707,0.562,2023-06-23 19:22:07,,
355,4.686,0.581,4.698,0.549,2023-06-23 19:22:07,,
356,4.672,0.600,4.709,0.563,2023-06-23 19:22:07,,
357,4.686,0.585,4.698,0.555,2023-06-23 19:22:07,,
358,4.658,0.576,4.708,0.584,2023-06-23 19:22:07,,
359,4.675,0.590,4.680,0.553,2023-06-23 19:22:07,,
360,4.638,0.581,4.691,0.570,2023-06-23 19:22:07,,
361,4.648,0.580,4.675,0.548,2023-06-23 19:22:07,,
362,4.619,0.581,4.692,0.570,2023-06-23 19:22:07,,
363,4.626,0.573,4.681,0.559,2023-06-23 19:22:07,,
364,4.617,0.579,4.699,0.571,2023-06-23 19:22:07,,
365,4.620,0.562,4.683,0.557,2023-06-23 19:22:07,,
366,4.607,0.563,4.681,0.570,2023-06-23 19:22:07,,
367,4.636,0.564,4.657,0.559,2023-06-23 19:22:08,,
368,4.609,0.548,4.647,0.558,2023-06-23 19:22:08,,
369,4.629,0.555,4.637,0.540,2023-06-23 19:22:08,,
370,4.616,0.554,4.656,0.566,2023-06-23 19:22:08,,
371,4.638,0.575,4.631,0.552,2023-06-23 19:22:08,,
372,4.617,0.570,4.622,0.571,2023-06-23 19:22:08,,
373,4.627,0.561,4.582,0.538,2023-06-23 19:22:08,,
374,4.618,0.576,4.595,0.555,2023-06-23 19:22:08,,
375,4.634,0.563,4.592,0.544,2023-06-23 19:22:08,,
376,4.611,0.567,4.611,0.570,2023-06-23 19:22:08,,
377,4.600,0.569,4.622,0.530,2023-06-23 19:22:10,,
378,4.572,0.576,4.615,0.542,2023-06-23 19:22:10,,
379,4.587,0.574,4.587,0.534,2023-06-23 19:22:10,,
380,4.587,0.573,4.620,0.577,2023-06-23 19:22:10,,
381,4.629,0.583,4.607,0.562,2023-06-23 19:22:10,,
382,4.601,0.575,4.618,0.577,2023-06-23 19:22:10,,
383,4.628,0.577,4.603,0.552,2023-06-23 19:22:10,,
384,4.624,0.580,4.622,0.560,2023-06-23 19:22:10,,
385,4.643,0.583,4.609,0.546,2023-06-23 19:22:10,,
386,4.618,0.582,4.613,0.566,2023-06-23 19:22:10,,
387,4.639,0.584,4.619,0.549,2023-06-23 19:22:10,,
388,4.608,0.579,4.634,0.565,2023-06-23 19:22:10,,
389,4.644,0.578,4.622,0.555,2023-06-23 19:22:10,,
390,4.628,0.578,4.637,0.577,2023-06-23 19:22:10,,
391,4.646,0.574,4.616,0.551,2023-06-23 19:22:11,,
392,4.627,0.578,4.632,0.559,2023-06-23 19:22:11,,
393,4.650,0.582,4.624,0.536,2023-06-23 19:22:11,,
394,4.615,0.565,4.630,0.556,2023-06-23 19:22:11,,
395,4.649,0.576,4.617,0.542,2023-06-23 19:22:11,,
396,4.625,0.576,4.629,0.562,2023-06-23 19:22:11,,
397,4.655,0.580,4.616,0.536,2023-06-23 19:22:11,,
398,4.626,0.583,4.622,0.568,2023-06-23 19:22:11,,
399,4.644,0.575,4.607,0.547,2023-06-23 19:22:11,,
400,4.645,0.582,4.625,0.565,2023-06-23 19:22:11,,
401,4.670,0.577,4.621,0.551,2023-06-23 19:22:11,,
402,4.663,0.579,4.639,0.575,2023-06-23 19:22:11,,
403,4.686,0.574,4.638,0.560,2023-06-23 19:22:11,,
404,4.667,0.577,4.641,0.570,2023-06-23 19:22:11,,
405,4.679,0.572,4.603,0.570,2023-06-23 19:22:11,,
406,4.659,0.583,4.609,0.574,2023-06-23 19:22:12,,
407,4.682,0.573,4.612,0.558,2023-06-23 19:22:12,,
408,4.658,0.572,4.617,0.574,2023-06-23 19:22:12,,
409,4.670,0.570,4.603,0.562,2023-06-23 19:22:12,,
410,4.646,0.577,4.612,0.573,2023-06-23 19:22:12,,
411,4.660,0.568,4.635,0.581,2023-06-23 19:22:12,,
412,4.654,0.582,4.689,0.569,2023-06-23 19:22:12,,
413,4.674,0.567,4.710,0.542,2023-06-23 19:22:12,,
414,4.662,0.589,4.721,0.559,2023-06-23 19:22:12,,
415,4.656,0.575,4.660,0.547,2023-06-23 19:22:14,,
416,4.630,0.581,4.652,0.545,2023-06-23 19:22:14,,
417,4.650,0.572,4.643,0.542,2023-06-23 19:22:14,,
418,4.636,0.583,4.669,0.557,2023-06-23 19:22:14,,
419,4.645,0.581,4.677,0.559,2023-06-23 19:22:14,,
420,4.639,0.565,4.703,0.563,2023-06-23 19:22:14,,
421,4.661,0.561,4.690,0.546,2023-06-23 19:22:14,,
422,4.672,0.581,4.696,0.550,2023-06-23 19:22:14,,
423,4.695,0.564,4.680,0.543,2023-06-23 19:22:14,,
424,4.686,0.571,4.687,0.550,2023-06-23 19:22:14,,
425,4.700,0.572,4.677,0.542,2023-06-23 19:22:14,,
426,4.679,0.573,4.687,0.555,2023-06-23 19:22:14,,
427,4.691,0.578,4.674,0.543,2023-06-23 19:22:14,,
428,4.664,0.577,4.680,0.563,2023-06-23 19:22:14,,
429,4.669,0.577,4.661,0.543,2023-06-23 19:22:14,,
430,4.647,0.593,4.677,0.560,2023-06-23 19:22:15,,
431,4.647,0.585,4.654,0.538,2023-06-23 19:22:15,,
432,4.638,0.573,4.676,0.568,2023-06-23 19:22:15,,
433,4.654,0.586,4.661,0.549,2023-06-23 19:22:15,,
434,4.647,0.584,4.686,0.572,2023-06-23 19:22:15,,
435,4.659,0.582,4.677,0.557,2023-06-23 19:22:15,,
436,4.639,0.588,4.696,0.584,2023-06-23 19:22:15,,
437,4.668,0.590,4.685,0.557,2023-06-23 19:22:15,,
438,4.651,0.588,4.690,0.566,2023-06-23 19:22:15,,
439,4.679,0.576,4.676,0.556,2023-06-23 19:22:15,,
440,4.681,0.583,4.684,0.581,2023-06-23 19:22:15,,
441,4.695,0.574,4.660,0.560,2023-06-23 19:22:15,,
442,4.670,0.572,4.688,0.583,2023-06-23 19:22:15,,
443,4.686,0.568,4.652,0.564,2023-06-23 19:22:15,,
444,4.658,0.571,4.657,0.578,2023-06-23 19:22:15,,
445,4.654,0.562,4.641,0.548,2023-06-23 19:22:15,,
446,4.640,0.575,4.642,0.573,2023-06-23 19:22:16,,
447,4.645,0.569,4.632,0.558,2023-06-23 19:22:16,,
448,4.633,0.571,4.630,0.566,2023-06-23 19:22:16,,
449,4.655,0.572,4.649,0.559,2023-06-23 19:22:16,,
450,4.631,0.569,4.695,0.567,2023-06-23 19:22:16,,
451,4.649,0.571,4.711,0.540,2023-06-23 19:22:16,,
452,4.625,0.569,4.719,0.558,2023-06-23 19:22:16,,
453,4.564,0.576,4.604,0.534,2023-06-23 19:22:17,,
454,4.538,0.565,4.603,0.540,2023-06-23 19:22:17,,
455,4.575,0.571,4.609,0.520,2023-06-23 19:22:18,,
456,4.562,0.571,4.612,0.542,2023-06-23 19:22:18,,
457,4.586,0.566,4.609,0.539,2023-06-23 19:22:18,,
458,4.590,0.579,4.620,0.550,2023-06-23 19:22:18,,
459,4.611,0.577,4.601,0.550,2023-06-23 19:22:18,,
460,4.597,0.579,4.627,0.569,2023-06-23 19:22:18,,
461,4.633,0.573,4.632,0.546,2023-06-23 19:22:18,,
462,4.625,0.574,4.645,0.563,2023-06-23 19:22:18,,
463,4.656,0.573,4.644,0.552,2023-06-23 19:22:18,,
464,4.637,0.572,4.661,0.574,2023-06-23 19:22:18,,
465,4.659,0.576,4.662,0.558,2023-06-23 19:22:18,,
466,4.634,0.577,4.661,0.568,2023-06-23 19:22:18,,
467,4.692,0.580,4.667,0.553,2023-06-23 19:22:18,,
468,4.664,0.580,4.673,0.572,2023-06-23 19:22:18,,
469,4.675,0.595,4.651,0.557,2023-06-23 19:22:18,,
470,4.652,0.577,4.671,0.580,2023-06-23 19:22:18,,
471,4.668,0.574,4.648,0.547,2023-06-23 19:22:19,,
472,4.657,0.581,4.663,0.565,2023-06-23 19:22:19,,
473,4.682,0.589,4.652,0.554,2023-06-23 19:22:19,,
474,4.659,0.577,4.662,0.568,2023-06-23 19:22:19,,
475,4.668,0.569,4.646,0.553,2023-06-23 19:22:19,,
476,4.650,0.577,4.657,0.577,2023-06-23 19:22:19,,
477,4.668,0.577,4.652,0.554,2023-06-23 19:22:19,,
478,4.644,0.572,4.670,0.580,2023-06-23 19:22:19,,
479,4.674,0.570,4.657,0.554,2023-06-23 19:22:19,,
480,4.642,0.568,4.656,0.582,2023-06-23 19:22:19,,
481,4.660,0.575,4.636,0.555,2023-06-23 19:22:19,,
482,4.619,0.570,4.633,0.576,2023-06-23 19:22:19,,
483,4.634,0.567,4.618,0.556,2023-06-23 19:22:19,,
484,4.614,0.568,4.631,0.581,2023-06-23 19:22:19,,
485,4.645,0.576,4.634,0.564,2023-06-23 19:22:19,,
486,4.612,0.565,4.620,0.582,2023-06-23 19:22:19,,
487,4.639,0.568,4.622,0.568,2023-06-23 19:22:20,,
488,4.618,0.570,4.613,0.572,2023-06-23 19:22:20,,
489,4.639,0.576,4.610,0.543,2023-06-23 19:22:20,,
490,4.609,0.575,4.620,0.566,2023-06-23 19:22:20,,
491,4.547,0.579,4.609,0.533,2023-06-23 19:22:21,,
492,4.526,0.581,4.608,0.540,2023-06-23 19:22:21,,
493,4.555,0.575,4.565,0.525,2023-06-23 19:22:21,,
494,4.530,0.565,4.592,0.543,2023-06-23 19:22:21,,
495,4.557,0.564,4.579,0.530,2023-06-23 19:22:22,,
496,4.549,0.574,4.590,0.553,2023-06-23 19:22:22,,
497,4.570,0.573,4.575,0.536,2023-06-23 19:22:22,,
498,4.575,0.585,4.600,0.565,2023-06-23 19:22:22,,
499,4.591,0.578,4.596,0.562,2023-06-23 19:22:22,,
500,4.582,0.568,4.615,0.563,2023-06-23 19:22:22,,
501,4.616,0.577,4.604,0.539,2023-06-23 19:22:22,,
502,4.589,0.571,4.617,0.565,2023-06-23 19:22:22,,
503,4.633,0.577,4.616,0.547,2023-06-23 19:22:22,,
504,4.612,0.578,4.632,0.562,2023-06-23 19:22:22,,
505,4.645,0.576,4.619,0.546,2023-06-23 19:22:22,,
506,4.630,0.572,4.643,0.563,2023-06-23 19:22:22,,
507,4.662,0.584,4.634,0.547,2023-06-23 19:22:22,,
508,4.628,0.574,4.640,0.573,2023-06-23 19:22:22,,
509,4.642,0.570,4.624,0.543,2023-06-23 19:22:22,,
510,4.630,0.569,4.650,0.561,2023-06-23 19:22:22,,
511,4.647,0.564,4.634,0.543,2023-06-23 19:22:23,,
512,4.638,0.583,4.652,0.572,2023-06-23 19:22:23,,
513,4.643,0.584,4.636,0.549,2023-06-23 19:22:23,,
514,4.631,0.582,4.673,0.571,2023-06-23 19:22:23,,
515,4.645,0.578,4.648,0.552,2023-06-23 19:22:23,,
516,4.632,0.580,4.671,0.564,2023-06-23 19:22:23,,
517,4.647,0.576,4.658,0.558,2023-06-23 19:22:23,,
518,4.620,0.574,4.671,0.579,2023-06-23 19:22:23,,
519,4.616,0.563,4.638,0.561,2023-06-23 19:22:23,,
520,4.605,0.570,4.648,0.580,2023-06-23 19:22:23,,
521,4.606,0.568,4.631,0.570,2023-06-23 19:22:23,,
522,4.586,0.564,4.625,0.577,2023-06-23 19:22:23,,
523,4.612,0.570,4.599,0.563,2023-06-23 19:22:23,,
524,4.588,0.568,4.597,0.564,2023-06-23 19:22:23,,
525,4.611,0.569,4.569,0.556,2023-06-23 19:22:23,,
526,4.595,0.555,4.582,0.572,2023-06-23 19:22:23,,
527,4.615,0.558,4.555,0.544,2023-06-23 19:22:24,,
528,4.604,0.564,4.574,0.551,2023-06-23 19:22:24,,
529,4.557,0.579,4.578,0.528,2023-06-23 19:22:25,,
530,4.529,0.574,4.587,0.559,2023-06-23 19:22:25,,
531,4.559,0.564,4.603,0.536,2023-06-23 19:22:25,,
532,4.566,0.573,4.590,0.536,2023-06-23 19:22:25,,
533,4.599,0.568,4.609,0.537,2023-06-23 19:22:25,,
534,4.598,0.565,4.627,0.545,2023-06-23 19:22:26,,
535,4.634,0.560,4.630,0.537,2023-06-23 19:22:26,,
536,4.633,0.569,4.646,0.548,2023-06-23 19:22:26,,
537,4.646,0.566,4.643,0.538,2023-06-23 19:22:26,,
538,4.635,0.564,4.658,0.563,2023-06-23 19:22:26,,
539,4.652,0.563,4.653,0.539,2023-06-23 19:22:26,,
540,4.642,0.568,4.681,0.556,2023-06-23 19:22:26,,
541,4.672,0.571,4.668,0.540,2023-06-23 19:22:26,,
542,4.665,0.568,4.690,0.564,2023-06-23 19:22:26,,
543,4.699,0.573,4.682,0.538,2023-06-23 19:22:26,,
544,4.677,0.585,4.694,0.564,2023-06-23 19:22:26,,
545,4.700,0.578,4.696,0.556,2023-06-23 19:22:26,,
546,4.674,0.576,4.706,0.568,2023-06-23 19:22:26,,
547,4.681,0.578,4.681,0.553,2023-06-23 19:22:26,,
548,4.686,0.586,4.714,0.577,2023-06-23 19:22:26,,
549,4.690,0.586,4.702,0.557,2023-06-23 19:22:26,,
550,4.668,0.586,4.715,0.571,2023-06-23 19:22:27,,
551,4.670,0.580,4.695,0.554,2023-06-23 19:22:27,,
552,4.661,0.587,4.706,0.571,2023-06-23 19:22:27,,
553,4.667,0.588,4.688,0.549,2023-06-23 19:22:27,,
554,4.644,0.573,4.706,0.575,2023-06-23 19:22:27,,
555,4.668,0.573,4.699,0.553,2023-06-23 19:22:27,,
556,4.643,0.581,4.683,0.561,2023-06-23 19:22:27,,
557,4.636,0.571,4.660,0.554,2023-06-23 19:22:27,,
558,4.621,0.572,4.664,0.565,2023-06-23 19:22:27,,
559,4.624,0.564,4.641,0.560,2023-06-23 19:22:27,,
560,4.606,0.570,4.635,0.555,2023-06-23 19:22:27,,
561,4.610,0.562,4.588,0.552,2023-06-23 19:22:27,,
562,4.597,0.567,4.582,0.571,2023-06-23 19:22:27,,
563,4.606,0.566,4.569,0.559,2023-06-23 19:22:27,,
564,4.587,0.555,4.555,0.571,2023-06-23 19:22:27,,
565,4.600,0.568,4.529,0.550,2023-06-23 19:22:28,,
566,4.598,0.568,4.538,0.558,2023-06-23 19:22:28,,
567,4.628,0.583,4.609,0.539,2023-06-23 19:22:29,,
568,4.585,0.583,4.610,0.549,2023-06-23 19:22:29,,
569,4.568,0.562,4.597,0.522,2023-06-23 19:22:29,,
570,4.565,0.568,4.560,0.540,2023-06-23 19:22:29,,
571,4.579,0.559,4.601,0.540,2023-06-23 19:22:29,,
572,4.562,0.565,4.615,0.556,2023-06-23 19:22:29,,
573,4.603,0.569,4.623,0.533,2023-06-23 19:22:30,,
574,4.589,0.576,4.641,0.547,2023-06-23 19:22:30,,
575,4.594,0.576,4.627,0.546,2023-06-23 19:22:30,,
576,4.571,0.571,4.644,0.567,2023-06-23 19:22:30,,
577,4.600,0.571,4.643,0.552,2023-06-23 19:22:30,,
578,4.599,0.576,4.650,0.559,2023-06-23 19:22:30,,
579,4.620,0.576,4.614,0.543,2023-06-23 19:22:30,,
580,4.610,0.579,4.625,0.566,2023-06-23 19:22:30,,
581,4.646,0.581,4.624,0.545,2023-06-23 19:22:30,,
582,4.629,0.583,4.637,0.568,2023-06-23 19:22:30,,
583,4.641,0.573,4.619,0.550,2023-06-23 19:22:30,,
584,4.633,0.578,4.642,0.583,2023-06-23 19:22:30,,
585,4.654,0.574,4.623,0.554,2023-06-23 19:22:30,,
586,4.650,0.589,4.632,0.566,2023-06-23 19:22:30,,
587,4.654,0.575,4.619,0.547,2023-06-23 19:22:30,,
588,4.640,0.576,4.636,0.571,2023-06-23 19:22:30,,
589,4.663,0.569,4.620,0.548,2023-06-23 19:22:31,,
590,4.652,0.580,4.638,0.582,2023-06-23 19:22:31,,
591,4.670,0.565,4.631,0.546,2023-06-23 19:22:31,,
592,4.647,0.576,4.643,0.570,2023-06-23 19:22:31,,
593,4.660,0.565,4.626,0.549,2023-06-23 19:22:31,,
594,4.640,0.570,4.641,0.571,2023-06-23 19:22:31,,
595,4.645,0.564,4.614,0.545,2023-06-23 19:22:31,,
596,4.644,0.576,4.636,0.569,2023-06-23 19:22:31,,
597,4.659,0.569,4.624,0.557,2023-06-23 19:22:31,,
598,4.634,0.569,4.647,0.577,2023-06-23 19:22:31,,
599,4.652,0.563,4.612,0.552,2023-06-23 19:22:31,,
600,4.643,0.573,4.626,0.575,2023-06-23 19:22:31,,
601,4.674,0.575,4.629,0.553,2023-06-23 19:22:31,,
602,4.647,0.586,4.634,0.567,2023-06-23 19:22:31,,
603,4.654,0.571,4.630,0.554,2023-06-23 19:22:31,,
604,4.627,0.573,4.622,0.562,2023-06-23 19:22:32,,
605,4.558,0.592,4.566,0.537,2023-06-23 19:22:33,,
606,4.520,0.590,4.557,0.546,2023-06-23 19:22:33,,
607,4.531,0.574,4.531,0.539,2023-06-23 19:22:33,,
608,4.544,0.582,4.534,0.561,2023-06-23 19:22:33,,
609,4.565,0.574,4.541,0.540,2023-06-23 19:22:33,,
610,4.581,0.577,4.595,0.568,2023-06-23 19:22:33,,
611,4.596,0.570,4.590,0.548,2023-06-23 19:22:34,,
612,4.590,0.582,4.603,0.562,2023-06-23 19:22:34,,
613,4.602,0.555,4.598,0.548,2023-06-23 19:22:34,,
614,4.604,0.571,4.627,0.559,2023-06-23 19:22:34,,
615,4.622,0.562,4.610,0.548,2023-06-23 19:22:34,,
616,4.609,0.569,4.623,0.557,2023-06-23 19:22:34,,
617,4.639,0.564,4.617,0.538,2023-06-23 19:22:34,,
618,4.605,0.572,4.636,0.550,2023-06-23 19:22:34,,
619,4.645,0.568,4.629,0.541,2023-06-23 19:22:34,,
620,4.629,0.574,4.650,0.565,2023-06-23 19:22:34,,
621,4.646,0.578,4.633,0.540,2023-06-23 19:22:34,,
622,4.620,0.580,4.648,0.559,2023-06-23 19:22:34,,
623,4.641,0.583,4.636,0.549,2023-06-23 19:22:34,,
624,4.604,0.590,4.645,0.561,2023-06-23 19:22:34,,
625,4.629,0.595,4.632,0.549,2023-06-23 19:22:34,,
626,4.592,0.587,4.650,0.586,2023-06-23 19:22:34,,
627,4.611,0.591,4.632,0.553,2023-06-23 19:22:35,,
628,4.589,0.570,4.652,0.584,2023-06-23 19:22:35,,
629,4.606,0.581,4.626,0.559,2023-06-23 19:22:35,,
630,4.596,0.579,4.636,0.581,2023-06-23 19:22:35,,
631,4.613,0.581,4.618,0.563,2023-06-23 19:22:35,,
632,4.601,0.575,4.641,0.571,2023-06-23 19:22:35,,
633,4.625,0.579,4.627,0.559,2023-06-23 19:22:35,,
634,4.599,0.581,4.626,0.575,2023-06-23 19:22:35,,
635,4.614,0.570,4.582,0.561,2023-06-23 19:22:35,,
636,4.582,0.569,4.570,0.564,2023-06-23 19:22:35,,
637,4.593,0.555,4.549,0.555,2023-06-23 19:22:35,,
638,4.586,0.562,4.561,0.565,2023-06-23 19:22:35,,
639,4.604,0.558,4.539,0.546,2023-06-23 19:22:35,,
640,4.596,0.567,4.566,0.557,2023-06-23 19:22:35,,
641,4.584,0.571,4.612,0.542,2023-06-23 19:22:37,,
642,4.547,0.563,4.603,0.554,2023-06-23 19:22:37,,
643,4.584,0.569,4.583,0.533,2023-06-23 19:22:37,,
644,4.545,0.561,4.602,0.551,2023-06-23 19:22:37,,
645,4.576,0.562,4.575,0.531,2023-06-23 19:22:37,,
646,4.567,0.572,4.575,0.537,2023-06-23 19:22:37,,
647,4.580,0.560,4.580,0.524,2023-06-23 19:22:37,,
648,4.565,0.562,4.594,0.551,2023-06-23 19:22:37,,
649,4.589,0.566,4.587,0.529,2023-06-23 19:22:37,,
650,4.583,0.564,4.598,0.545,2023-06-23 19:22:38,,
651,4.593,0.563,4.587,0.545,2023-06-23 19:22:38,,
652,4.587,0.569,4.609,0.569,2023-06-23 19:22:38,,
653,4.638,0.579,4.607,0.534,2023-06-23 19:22:38,,
654,4.601,0.573,4.608,0.551,2023-06-23 19:22:38,,
655,4.623,0.570,4.601,0.538,2023-06-23 19:22:38,,
656,4.619,0.587,4.628,0.573,2023-06-23 19:22:38,,
657,4.636,0.586,4.604,0.544,2023-06-23 19:22:38,,
658,4.613,0.580,4.617,0.561,2023-06-23 19:22:38,,
659,4.639,0.573,4.618,0.552,2023-06-23 19:22:38,,
660,4.634,0.592,4.619,0.566,2023-06-23 19:22:38,,
661,4.646,0.586,4.603,0.549,2023-06-23 19:22:38,,
662,4.628,0.584,4.626,0.568,2023-06-23 19:22:38,,
663,4.648,0.586,4.623,0.555,2023-06-23 19:22:38,,
664,4.637,0.585,4.636,0.577,2023-06-23 19:22:38,,
665,4.656,0.578,4.621,0.560,2023-06-23 19:22:38,,
666,4.635,0.579,4.638,0.570,2023-06-23 19:22:39,,
667,4.658,0.579,4.638,0.557,2023-06-23 19:22:39,,
668,4.631,0.576,4.633,0.559,2023-06-23 19:22:39,,
669,4.630,0.565,4.598,0.542,2023-06-23 19:22:39,,
670,4.617,0.558,4.620,0.566,2023-06-23 19:22:39,,
671,4.622,0.556,4.610,0.546,2023-06-23 19:22:39,,
672,4.608,0.559,4.634,0.573,2023-06-23 19:22:39,,
673,4.629,0.562,4.632,0.547,2023-06-23 19:22:39,,
674,4.611,0.573,4.630,0.574,2023-06-23 19:22:39,,
675,4.619,0.551,4.615,0.553,2023-06-23 19:22:39,,
676,4.607,0.562,4.623,0.558,2023-06-23 19:22:39,,
677,4.616,0.559,4.623,0.554,2023-06-23 19:22:39,,
678,4.613,0.571,4.631,0.563,2023-06-23 19:22:39,,
679,4.607,0.572,4.648,0.543,2023-06-23 19:22:41,,
680,4.580,0.581,4.646,0.542,2023-06-23 19:22:41,,
681,4.614,0.575,4.645,0.535,2023-06-23 19:22:41,,
682,4.606,0.572,4.676,0.558,2023-06-23 19:22:41,,
683,4.647,0.574,4.633,0.547,2023-06-23 19:22:41,,
684,4.640,0.581,4.662,0.543,2023-06-23 19:22:41,,
685,4.662,0.571,4.673,0.534,2023-06-23 19:22:41,,
686,4.651,0.573,4.679,0.544,2023-06-23 19:22:41,,
687,4.683,0.571,4.674,0.536,2023-06-23 19:22:41,,
688,4.627,0.582,4.673,0.559,2023-06-23 19:22:41,,
689,4.640,0.566,4.662,0.542,2023-06-23 19:22:42,,
690,4.628,0.588,4.678,0.559,2023-06-23 19:22:42,,
691,4.648,0.577,4.683,0.539,2023-06-23 19:22:42,,
692,4.642,0.573,4.685,0.561,2023-06-23 19:22:42,,
693,4.674,0.566,4.685,0.544,2023-06-23 19:22:42,,
694,4.659,0.570,4.705,0.564,2023-06-23 19:22:42,,
695,4.686,0.560,4.707,0.548,2023-06-23 19:22:42,,
696,4.669,0.570,4.724,0.557,2023-06-23 19:22:42,,
697,4.697,0.569,4.702,0.540,2023-06-23 19:22:42,,
698,4.665,0.583,4.712,0.558,2023-06-23 19:22:42,,
699,4.665,0.574,4.694,0.539,2023-06-23 19:22:42,,
700,4.628,0.581,4.714,0.574,2023-06-23 19:22:42,,
701,4.639,0.561,4.689,0.532,2023-06-23 19:22:42,,
702,4.629,0.583,4.701,0.560,2023-06-23 19:22:42,,
703,4.647,0.576,4.691,0.547,2023-06-23 19:22:42,,
704,4.620,0.570,4.723,0.577,2023-06-23 19:22:42,,
705,4.629,0.577,4.700,0.542,2023-06-23 19:22:43,,
706,4.606,0.579,4.694,0.564,2023-06-23 19:22:43,,
707,4.625,0.573,4.673,0.550,2023-06-23 19:22:43,,
708,4.600,0.581,4.678,0.576,2023-06-23 19:22:43,,
709,4.597,0.564,4.636,0.561,2023-06-23 19:22:43,,
710,4.589,0.580,4.624,0.579,2023-06-23 19:22:43,,
711,4.595,0.575,4.588,0.555,2023-06-23 19:22:43,,
712,4.605,0.561,4.568,0.557,2023-06-23 19:22:43,,
713,4.588,0.580,4.585,0.593,2023-06-23 19:22:43,,
714,4.591,0.574,4.578,0.574,2023-06-23 19:22:43,,
715,4.593,0.563,4.542,0.557,2023-06-23 19:22:43,,
716,4.578,0.570,4.535,0.569,2023-06-23 19:22:43,,
717,4.566,0.585,4.646,0.553,2023-06-23 19:22:45,,
718,4.562,0.591,4.645,0.544,2023-06-23 19:22:45,,
719,4.593,0.581,4.637,0.541,2023-06-23 19:22:45,,
720,4.569,0.574,4.669,0.555,2023-06-23 19:22:45,,
721,4.607,0.573,4.615,0.527,2023-06-23 19:22:45,,
722,4.599,0.565,4.657,0.544,2023-06-23 19:22:45,,
723,4.617,0.561,4.653,0.531,2023-06-23 19:22:45,,
724,4.625,0.569,4.678,0.556,2023-06-23 19:22:45,,
725,4.660,0.567,4.660,0.534,2023-06-23 19:22:45,,
726,4.639,0.574,4.681,0.554,2023-06-23 19:22:45,,
727,4.654,0.566,4.672,0.544,2023-06-23 19:22:45,,
728,4.647,0.562,4.694,0.557,2023-06-23 19:22:45,,
729,4.675,0.564,4.696,0.540,2023-06-23 19:22:46,,
730,4.668,0.565,4.696,0.554,2023-06-23 19:22:46,,
731,4.691,0.562,4.684,0.540,2023-06-23 19:22:46,,
732,4.686,0.573,4.711,0.570,2023-06-23 19:22:46,,
733,4.699,0.573,4.692,0.547,2023-06-23 19:22:46,,
734,4.681,0.566,4.714,0.562,2023-06-23 19:22:46,,
735,4.710,0.588,4.704,0.548,2023-06-23 19:22:46,,
736,4.701,0.593,4.722,0.564,2023-06-23 19:22:46,,
737,4.686,0.580,4.707,0.555,2023-06-23 19:22:46,,
738,4.680,0.590,4.736,0.565,2023-06-23 19:22:46,,
739,4.687,0.573,4.724,0.549,2023-06-23 19:22:46,,
740,4.683,0.594,4.738,0.562,2023-06-23 19:22:46,,
741,4.680,0.578,4.734,0.567,2023-06-23 19:22:46,,
742,4.666,0.579,4.743,0.572,2023-06-23 19:22:46,,
743,4.656,0.586,4.712,0.562,2023-06-23 19:22:46,,
744,4.652,0.590,4.720,0.575,2023-06-23 19:22:46,,
745,4.649,0.581,4.694,0.561,2023-06-23 19:22:47,,
746,4.621,0.576,4.696,0.572,2023-06-23 19:22:47,,
747,4.626,0.568,4.668,0.554,2023-06-23 19:22:47,,
748,4.605,0.565,4.665,0.568,2023-06-23 19:22:47,,
749,4.609,0.564,4.634,0.548,2023-06-23 19:22:47,,
750,4.591,0.563,4.621,0.584,2023-06-23 19:22:47,,
751,4.609,0.552,4.599,0.554,2023-06-23 19:22:47,,
752,4.592,0.562,4.599,0.553,2023-06-23 19:22:47,,
753,4.614,0.569,4.567,0.547,2023-06-23 19:22:47,,
754,4.586,0.563,4.559,0.555,2023-06-23 19:22:47,,
755,4.579,0.569,4.605,0.524,2023-06-23 19:22:49,,
756,4.546,0.575,4.614,0.538,2023-06-23 19:22:49,,
757,4.594,0.562,4.623,0.523,2023-06-23 19:22:49,,
758,4.567,0.568,4.641,0.542,2023-06-23 19:22:49,,
759,4.590,0.570,4.621,0.532,2023-06-23 19:22:49,,
760,4.578,0.570,4.633,0.546,2023-06-23 19:22:49,,
761,4.610,0.568,4.609,0.532,2023-06-23 19:22:49,,
762,4.590,0.575,4.631,0.544,2023-06-23 19:22:49,,
763,4.616,0.569,4.593,0.525,2023-06-23 19:22:49,,
764,4.607,0.571,4.629,0.548,2023-06-23 19:22:49,,
765,4.641,0.581,4.615,0.534,2023-06-23 19:22:49,,
766,4.610,0.573,4.626,0.550,2023-06-23 19:22:49,,
767,4.635,0.584,4.625,0.549,2023-06-23 19:22:49,,
768,4.620,0.585,4.652,0.560,2023-06-23 19:22:50,,
769,4.658,0.571,4.642,0.539,2023-06-23 19:22:50,,
770,4.637,0.573,4.652,0.559,2023-06-23 19:22:50,,
771,4.662,0.576,4.643,0.554,2023-06-23 19:22:50,,
772,4.637,0.578,4.656,0.560,2023-06-23 19:22:50,,
773,4.667,0.581,4.650,0.548,2023-06-23 19:22:50,,
774,4.651,0.593,4.665,0.566,2023-06-23 19:22:50,,
775,4.665,0.576,4.647,0.552,2023-06-23 19:22:50,,
776,4.636,0.576,4.660,0.569,2023-06-23 19:22:50,,
777,4.669,0.575,4.649,0.551,2023-06-23 19:22:50,,
778,4.669,0.584,4.661,0.565,2023-06-23 19:22:50,,
779,4.688,0.575,4.654,0.544,2023-06-23 19:22:50,,
780,4.673,0.581,4.663,0.566,2023-06-23 19:22:50,,
781,4.683,0.576,4.648,0.543,2023-06-23 19:22:50,,
782,4.660,0.575,4.658,0.557,2023-06-23 19:22:50,,
783,4.679,0.574,4.637,0.554,2023-06-23 19:22:50,,
784,4.652,0.587,4.638,0.560,2023-06-23 19:22:51,,
785,4.646,0.574,4.619,0.549,2023-06-23 19:22:51,,
786,4.634,0.582,4.643,0.571,2023-06-23 19:22:51,,
787,4.663,0.571,4.644,0.544,2023-06-23 19:22:51,,
788,4.629,0.574,4.663,0.565,2023-06-23 19:22:51,,
789,4.643,0.563,4.672,0.564,2023-06-23 19:22:51,,
790,4.635,0.577,4.695,0.566,2023-06-23 19:22:51,,
791,4.661,0.564,4.692,0.548,2023-06-23 19:22:51,,
792,4.641,0.570,4.691,0.558,2023-06-23 19:22:51,,
793,4.587,0.571,4.574,0.542,2023-06-23 19:22:53,,
794,4.557,0.588,4.570,0.546,2023-06-23 19:22:53,,
795,4.584,0.589,4.574,0.538,2023-06-23 19:22:53,,
796,4.566,0.577,4.589,0.562,2023-06-23 19:22:53,,
797,4.585,0.579,4.579,0.538,2023-06-23 19:22:53,,
798,4.574,0.586,4.554,0.542,2023-06-23 19:22:53,,
799,4.589,0.581,4.560,0.534,2023-06-23 19:22:53,,
800,4.582,0.566,4.605,0.554,2023-06-23 19:22:53,,
801,4.625,0.572,4.608,0.536,2023-06-23 19:22:53,,
802,4.598,0.576,4.621,0.553,2023-06-23 19:22:53,,
803,4.625,0.577,4.613,0.543,2023-06-23 19:22:53,,
804,4.595,0.575,4.630,0.559,2023-06-23 19:22:53,,
805,4.616,0.575,4.618,0.541,2023-06-23 19:22:53,,
806,4.602,0.573,4.634,0.548,2023-06-23 19:22:53,,
807,4.615,0.568,4.617,0.539,2023-06-23 19:22:54,,
808,4.602,0.567,4.625,0.560,2023-06-23 19:22:54,,
809,4.642,0.565,4.613,0.543,2023-06-23 19:22:54,,
810,4.613,0.573,4.632,0.557,2023-06-23 19:22:54,,
811,4.624,0.567,4.618,0.541,2023-06-23 19:22:54,,
812,4.633,0.573,4.649,0.560,2023-06-23 19:22:54,,
813,4.650,0.569,4.635,0.542,2023-06-23 19:22:54,,
814,4.622,0.580,4.648,0.558,2023-06-23 19:22:54,,
815,4.643,0.579,4.642,0.549,2023-06-23 19:22:54,,
816,4.614,0.573,4.647,0.561,2023-06-23 19:22:54,,
817,4.642,0.578,4.641,0.547,2023-06-23 19:22:54,,
818,4.623,0.597,4.656,0.579,2023-06-23 19:22:54,,
819,4.651,0.590,4.649,0.554,2023-06-23 19:22:54,,
820,4.616,0.585,4.647,0.572,2023-06-23 19:22:54,,
821,4.627,0.586,4.605,0.555,2023-06-23 19:22:54,,
822,4.617,0.587,4.619,0.570,2023-06-23 19:22:55,,
823,4.615,0.578,4.598,0.547,2023-06-23 19:22:55,,
824,4.611,0.589,4.609,0.569,2023-06-23 19:22:55,,
825,4.618,0.578,4.602,0.560,2023-06-23 19:22:55,,
826,4.606,0.581,4.609,0.572,2023-06-23 19:22:55,,
827,4.606,0.570,4.578,0.573,2023-06-23 19:22:55,,
828,4.580,0.572,4.563,0.561,2023-06-23 19:22:55,,
829,4.607,0.567,4.564,0.544,2023-06-23 19:22:55,,
830,4.588,0.571,4.560,0.569,2023-06-23 19:22:55,,
831,4.603,0.595,4.631,0.538,2023-06-23 19:22:57,,
832,4.563,0.587,4.624,0.539,2023-06-23 19:22:57,,
833,4.572,0.575,4.621,0.537,2023-06-23 19:22:57,,
834,4.562,0.575,4.634,0.546,2023-06-23 19:22:57,,
835,4.579,0.563,4.622,0.526,2023-06-23 19:22:57,,
836,4.581,0.578,4.599,0.530,2023-06-23 19:22:57,,
837,4.590,0.562,4.614,0.523,2023-06-23 19:22:57,,
838,4.563,0.570,4.624,0.546,2023-06-23 19:22:57,,
839,4.584,0.573,4.607,0.528,2023-06-23 19:22:57,,
840,4.563,0.571,4.627,0.555,2023-06-23 19:22:57,,
841,4.565,0.569,4.601,0.531,2023-06-23 19:22:57,,
842,4.554,0.563,4.623,0.551,2023-06-23 19:22:57,,
843,4.577,0.572,4.599,0.538,2023-06-23 19:22:57,,
844,4.578,0.569,4.622,0.555,2023-06-23 19:22:57,,
845,4.609,0.580,4.606,0.544,2023-06-23 19:22:57,,
846,4.599,0.582,4.624,0.559,2023-06-23 19:22:58,,
847,4.603,0.582,4.606,0.557,2023-06-23 19:22:58,,
848,4.600,0.593,4.624,0.571,2023-06-23 19:22:58,,
849,4.606,0.575,4.610,0.554,2023-06-23 19:22:58,,
850,4.600,0.585,4.615,0.561,2023-06-23 19:22:58,,
851,4.612,0.577,4.591,0.555,2023-06-23 19:22:58,,
852,4.596,0.581,4.606,0.565,2023-06-23 19:22:58,,
853,4.613,0.575,4.606,0.557,2023-06-23 19:22:58,,
854,4.602,0.576,4.611,0.570,2023-06-23 19:22:58,,
855,4.637,0.581,4.603,0.556,2023-06-23 19:22:58,,
856,4.617,0.583,4.629,0.574,2023-06-23 19:22:58,,
857,4.634,0.575,4.621,0.558,2023-06-23 19:22:58,,
858,4.620,0.569,4.630,0.571,2023-06-23 19:22:58,,
859,4.631,0.570,4.588,0.545,2023-06-23 19:22:58,,
860,4.624,0.577,4.615,0.567,2023-06-23 19:22:58,,
861,4.648,0.583,4.594,0.530,2023-06-23 19:22:58,,
862,4.610,0.568,4.602,0.563,2023-06-23 19:22:59,,
863,4.630,0.571,4.587,0.540,2023-06-23 19:22:59,,
864,4.607,0.564,4.621,0.561,2023-06-23 19:22:59,,
865,4.642,0.568,4.611,0.557,2023-06-23 19:22:59,,
866,4.615,0.571,4.630,0.565,2023-06-23 19:22:59,,
867,4.625,0.573,4.618,0.544,2023-06-23 19:22:59,,
868,4.620,0.575,4.644,0.564,2023-06-23 19:22:59,,
869,4.550,0.572,4.533,0.524,2023-06-23 19:23:01,,
870,4.515,0.572,4.538,0.552,2023-06-23 19:23:01,,
871,4.550,0.576,4.544,0.536,2023-06-23 19:23:01,,
872,4.546,0.584,4.566,0.553,2023-06-23 19:23:01,,
873,4.588,0.574,4.570,0.539,2023-06-23 19:23:01,,
874,4.579,0.583,4.593,0.547,2023-06-23 19:23:01,,
875,4.611,0.578,4.536,0.523,2023-06-23 19:23:01,,
876,4.585,0.577,4.580,0.545,2023-06-23 19:23:01,,
877,4.617,0.577,4.588,0.527,2023-06-23 19:23:01,,
878,4.605,0.574,4.626,0.558,2023-06-23 19:23:01,,
879,4.637,0.576,4.622,0.541,2023-06-23 19:23:01,,
880,4.622,0.577,4.653,0.562,2023-06-23 19:23:01,,
881,4.647,0.578,4.662,0.557,2023-06-23 19:23:01,,
882,4.637,0.570,4.665,0.560,2023-06-23 19:23:01,,
883,4.660,0.580,4.670,0.546,2023-06-23 19:23:01,,
884,4.664,0.582,4.681,0.558,2023-06-23 19:23:01,,
885,4.669,0.580,4.671,0.553,2023-06-23 19:23:02,,
886,4.659,0.573,4.693,0.566,2023-06-23 19:23:02,,
887,4.670,0.568,4.686,0.548,2023-06-23 19:23:02,,
888,4.652,0.571,4.709,0.561,2023-06-23 19:23:02,,
889,4.662,0.569,4.696,0.553,2023-06-23 19:23:02,,
890,4.641,0.573,4.686,0.552,2023-06-23 19:23:02,,
891,4.659,0.567,4.683,0.544,2023-06-23 19:23:02,,
892,4.627,0.576,4.691,0.562,2023-06-23 19:23:02,,
893,4.632,0.551,4.669,0.537,2023-06-23 19:23:02,,
894,4.627,0.582,4.683,0.569,2023-06-23 19:23:02,,
895,4.635,0.574,4.673,0.556,2023-06-23 19:23:02,,
896,4.604,0.569,4.669,0.572,2023-06-23 19:23:02,,
897,4.617,0.575,4.634,0.553,2023-06-23 19:23:02,,
898,4.589,0.566,4.615,0.571,2023-06-23 19:23:02,,
899,4.598,0.578,4.588,0.552,2023-06-23 19:23:02,,
900,4.582,0.581,4.597,0.562,2023-06-23 19:23:03,,
901,4.591,0.576,4.580,0.555,2023-06-23 19:23:03,,
902,4.571,0.575,4.594,0.571,2023-06-23 19:23:03,,
903,4.573,0.575,4.564,0.551,2023-06-23 19:23:03,,
904,4.549,0.562,4.545,0.571,2023-06-23 19:23:03,,
905,4.584,0.572,4.526,0.552,2023-06-23 19:23:03,,
906,4.560,0.581,4.531,0.547,2023-06-23 19:23:03,,
907,4.657,0.586,4.644,0.536,2023-06-23 19:23:04,,
908,4.631,0.587,4.655,0.557,2023-06-23 19:23:05,,
909,4.643,0.585,4.640,0.538,2023-06-23 19:23:05,,
910,4.631,0.581,4.663,0.540,2023-06-23 19:23:05,,
911,4.667,0.579,4.673,0.530,2023-06-23 19:23:05,,
912,4.640,0.587,4.686,0.539,2023-06-23 19:23:05,,
913,4.667,0.579,4.630,0.523,2023-06-23 19:23:05,,
914,4.616,0.570,4.658,0.537,2023-06-23 19:23:05,,
915,4.617,0.573,4.641,0.514,2023-06-23 19:23:05,,
916,4.594,0.574,4.670,0.541,2023-06-23 19:23:05,,
917,4.614,0.558,4.673,0.531,2023-06-23 19:23:05,,
918,4.583,0.560,4.676,0.541,2023-06-23 19:23:05,,
919,4.635,0.574,4.677,0.525,2023-06-23 19:23:05,,
920,4.607,0.566,4.684,0.537,2023-06-23 19:23:05,,
921,4.639,0.565,4.673,0.531,2023-06-23 19:23:05,,
922,4.648,0.585,4.683,0.538,2023-06-23 19:23:05,,
923,4.655,0.568,4.686,0.537,2023-06-23 19:23:05,,
924,4.640,0.569,4.692,0.557,2023-06-23 19:23:06,,
925,4.663,0.582,4.681,0.537,2023-06-23 19:23:06,,
926,4.646,0.585,4.688,0.552,2023-06-23 19:23:06,,
927,4.663,0.575,4.669,0.538,2023-06-23 19:23:06,,
928,4.646,0.584,4.679,0.555,2023-06-23 19:23:06,,
929,4.668,0.582,4.674,0.548,2023-06-23 19:23:06,,
930,4.646,0.592,4.701,0.560,2023-06-23 19:23:06,,
931,4.646,0.562,4.689,0.547,2023-06-23 19:23:06,,
932,4.630,0.585,4.708,0.561,2023-06-23 19:23:06,,
933,4.645,0.586,4.700,0.568,2023-06-23 19:23:06,,
934,4.634,0.585,4.688,0.564,2023-06-23 19:23:06,,
935,4.644,0.588,4.655,0.546,2023-06-23 19:23:06,,
936,4.633,0.582,4.657,0.566,2023-06-23 19:23:06,,
937,4.652,0.579,4.638,0.544,2023-06-23 19:23:06,,
938,4.620,0.579,4.651,0.573,2023-06-23 19:23:06,,
939,4.646,0.572,4.649,0.551,2023-06-23 19:23:07,,
940,4.614,0.568,4.655,0.570,2023-06-23 19:23:07,,
941,4.632,0.570,4.631,0.539,2023-06-23 19:23:07,,
942,4.610,0.570,4.621,0.560,2023-06-23 19:23:07,,
943,4.639,0.567,4.596,0.529,2023-06-23 19:23:07,,
944,4.614,0.558,4.613,0.561,2023-06-23 19:23:07,,
945,4.563,0.565,4.572,0.529,2023-06-23 19:23:08,,
946,4.534,0.578,4.566,0.546,2023-06-23 19:23:08,,
947,4.541,0.560,4.539,0.524,2023-06-23 19:23:08,,
948,4.538,0.567,4.569,0.547,2023-06-23 19:23:09,,
949,4.568,0.566,4.566,0.529,2023-06-23 19:23:09,,
950,4.556,0.575,4.576,0.535,2023-06-23 19:23:09,,
951,4.588,0.563,4.533,0.518,2023-06-23 19:23:09,,
952,4.565,0.562,4.568,0.540,2023-06-23 19:23:09,,
953,4.597,0.565,4.562,0.520,2023-06-23 19:23:09,,
954,4.592,0.574,4.609,0.554,2023-06-23 19:23:09,,
955,4.615,0.570,4.598,0.531,2023-06-23 19:23:09,,
956,4.595,0.585,4.608,0.552,2023-06-23 19:23:09,,
957,4.617,0.580,4.618,0.541,2023-06-23 19:23:09,,
958,4.595,0.572,4.621,0.554,2023-06-23 19:23:09,,
959,4.630,0.574,4.634,0.557,2023-06-23 19:23:09,,
960,4.618,0.582,4.633,0.561,2023-06-23 19:23:09,,
961,4.635,0.579,4.627,0.548,2023-06-23 19:23:09,,
962,4.613,0.573,4.643,0.571,2023-06-23 19:23:09,,
963,4.624,0.574,4.638,0.560,2023-06-23 19:23:09,,
964,4.622,0.567,4.637,0.549,2023-06-23 19:23:10,,
965,4.617,0.582,4.650,0.572,2023-06-23 19:23:10,,
966,4.606,0.581,4.643,0.577,2023-06-23 19:23:10,,
967,4.622,0.577,4.633,0.554,2023-06-23 19:23:10,,
968,4.605,0.586,4.649,0.578,2023-06-23 19:23:10,,
969,4.613,0.560,4.636,0.550,2023-06-23 19:23:10,,
970,4.610,0.578,4.638,0.566,2023-06-23 19:23:10,,
971,4.618,0.580,4.639,0.568,2023-06-23 19:23:10,,
972,4.597,0.582,4.632,0.564,2023-06-23 19:23:10,,
973,4.599,0.574,4.605,0.553,2023-06-23 19:23:10,,
974,4.591,0.570,4.609,0.568,2023-06-23 19:23:10,,
975,4.599,0.574,4.583,0.557,2023-06-23 19:23:10,,
976,4.589,0.576,4.580,0.553,2023-06-23 19:23:10,,
977,4.592,0.565,4.565,0.555,2023-06-23 19:23:10,,
978,4.573,0.560,4.576,0.566,2023-06-23 19:23:10,,
979,4.592,0.566,4.568,0.548,2023-06-23 19:23:11,,
980,4.588,0.571,4.560,0.573,2023-06-23 19:23:11,,
981,4.629,0.570,4.554,0.547,2023-06-23 19:23:11,,
982,4.607,0.576,4.563,0.558,2023-06-23 19:23:11,,
983,4.592,0.580,4.609,0.542,2023-06-23 19:23:12,,
984,4.551,0.572,4.593,0.544,2023-06-23 19:23:12,,
985,4.576,0.575,4.596,0.536,2023-06-23 19:23:12,,
986,4.554,0.591,4.610,0.559,2023-06-23 19:23:12,,
987,4.563,0.567,4.610,0.546,2023-06-23 19:23:13,,
988,4.547,0.574,4.615,0.558,2023-06-23 19:23:13,,
989,4.574,0.572,4.605,0.537,2023-06-23 19:23:13,,
990,4.565,0.584,4.559,0.548,2023-06-23 19:23:13,,
991,4.583,0.577,4.577,0.533,2023-06-23 19:23:13,,
992,4.549,0.576,4.584,0.533,2023-06-23 19:23:13,,
993,4.592,0.570,4.603,0.530,2023-06-23 19:23:13,,
994,4.592,0.582,4.623,0.557,2023-06-23 19:23:13,,
995,4.615,0.574,4.615,0.534,2023-06-23 19:23:13,,
996,4.598,0.572,4.636,0.558,2023-06-23 19:23:13,,
997,4.630,0.575,4.613,0.541,2023-06-23 19:23:13,,
998,4.627,0.575,4.644,0.560,2023-06-23 19:23:13,,
999,4.643,0.567,4.634,0.539,2023-06-23 19:23:13,,
1000,4.633,0.576,4.640,0.557,2023-06-23 19:23:13,,
